id	asm_name	assembly_accession	bioproject	biosample	ftp_path	infraspecific_name	organism_name	score_faa	score_fna	score_rrna	score_trna	seq_rel_date	species_taxid	submitter	taxid	kingdom	phylum	class	order	family	genus	species	strain	combined_name	protein_count	protein_total_length	marker_count	marker_lineage	completeness	contamination	strain_heterogeneity	genome_size	#_ambiguous_bases	#_scaffolds	#_contigs	n50_scaffolds	n50_contigs	gc_scaffolds>1kbp	gc_std_scaffolds>1kbp)	coding_density	translation_table	#_predicted_genes
G000006745	ASM674v1	GCF_000006745.1	PRJNA57623	SAMN02603969	ftp://ftp.ncbi.nlm.nih.gov/genomes/all/GCF/000/006/745/GCF_000006745.1_ASM674v1	strain=N16961	Vibrio cholerae O1 biovar El Tor str. N16961	1	0.998	0.9	1	1/9/01	666	TIGR	243277	Bacteria	Proteobacteria	Gammaproteobacteria	Vibrionales	Vibrionaceae	Vibrio	Vibrio_cholerae	Vibrio_cholerae_O1_biovar_El_Tor_str_N16961	Vibrio cholerae O1 biovar El Tor str. N16961	3594	1184587	360	g__Vibrio (UID4878)	99.86	0.03	0	4033464	2	2	2	2961149	2961147	47.49	0.43	86.41	11	3594
G000006785	ASM678v2	GCF_000006785.2	PRJNA57845	SAMN02604089	ftp://ftp.ncbi.nlm.nih.gov/genomes/all/GCF/000/006/785/GCF_000006785.2_ASM678v2	strain=SF370	Streptococcus pyogenes M1 GAS	1	1	0.6	1	4/1/14	1314	Univ. Oklahoma	160490	Bacteria	Firmicutes	Bacilli	Lactobacillales	Streptococcaceae	Streptococcus	Streptococcus_pyogenes	Streptococcus_pyogenes_M1_GAS	Streptococcus pyogenes M1 GAS SF370	1776	539188	277	f__Streptococcaceae (UID545)	100	0	0	1852433	0	1	1	1852433	1852433	38.51	0	85.6	11	1776
G000006845	ASM684v1	GCF_000006845.1	PRJNA57611	SAMN02604088	ftp://ftp.ncbi.nlm.nih.gov/genomes/all/GCF/000/006/845/GCF_000006845.1_ASM684v1	strain=FA 1090	Neisseria gonorrhoeae FA 1090	1	1	1	1	2/14/05	485	Univ. Oklahoma	242231	Bacteria	Proteobacteria	Betaproteobacteria	Neisseriales	Neisseriaceae	Neisseria	Neisseria_gonorrhoeae	Neisseria_gonorrhoeae_FA_1090	Neisseria gonorrhoeae FA 1090	2142	609210	323	g__Neisseria (UID3907)	99.82	0.21	0	2153922	0	1	1	2153922	2153922	52.69	0	83.15	11	2142
G000006865	ASM686v1	GCF_000006865.1	PRJNA57671	SAMN02603339	ftp://ftp.ncbi.nlm.nih.gov/genomes/all/GCF/000/006/865/GCF_000006865.1_ASM686v1	strain=IL1403	Lactococcus lactis subsp. lactis Il1403	1	1	1	1	3/21/01	1358	INRA	272623	Bacteria	Firmicutes	Bacilli	Lactobacillales	Streptococcaceae	Lactococcus	Lactococcus_lactis	Lactococcus_lactis_subsp_lactis_Il1403	Lactococcus lactis subsp. lactis Il1403 IL1403	2383	693662	310	o__Lactobacillales (UID543)	100	0	0	2365589	0	1	1	2365589	2365589	35.33	0	86.24	11	2383
G000006925	ASM692v2	GCF_000006925.2	PRJNA62907	SAMN02603599	ftp://ftp.ncbi.nlm.nih.gov/genomes/all/GCF/000/006/925/GCF_000006925.2_ASM692v2	strain=301	Shigella flexneri 2a str. 301	1	0.998	1	1	8/3/11	623	Microbial Genome Center of ChMPH	198214	Bacteria	Proteobacteria	Gammaproteobacteria	Enterobacterales	Enterobacteriaceae	Shigella	Shigella_flexneri	Shigella_flexneri_2a_str_301	Shigella flexneri 2a str. 301	5003	1415151	372	f__Enterobacteriaceae (UID5203)	99.7	0.21	0	4828820	6	2	2	4607202	4607196	50.65	3.46	86.08	11	5003
G000006965	ASM696v1	GCF_000006965.1	PRJNA57603	SAMEA3283068	ftp://ftp.ncbi.nlm.nih.gov/genomes/all/GCF/000/006/965/GCF_000006965.1_ASM696v1	strain=1021	Sinorhizobium meliloti 1021	1	0.997	0.1	1	5/6/03	382	MELILO	266834	Bacteria	Proteobacteria	Alphaproteobacteria	Rhizobiales	Rhizobiaceae	Sinorhizobium	Sinorhizobium_meliloti	Sinorhizobium_meliloti_1021	Sinorhizobium meliloti 1021	6303	1956944	373	g__Ensifer (UID3566)	99.28	0.31	0	6691694	10	3	3	3654135	3654135	62.17	1.1	86.03	11	6303
G000006985	ASM698v1	GCF_000006985.1	PRJNA57897	SAMN02604006	ftp://ftp.ncbi.nlm.nih.gov/genomes/all/GCF/000/006/985/GCF_000006985.1_ASM698v1	strain=TLS	Chlorobium tepidum TLS	1	1	0.8	1	7/2/02	1097	TIGR	194439	Bacteria	Chlorobi	Chlorobia	Chlorobiales	Chlorobiaceae	Chlorobaculum	Chlorobaculum_tepidum	Chlorobium_tepidum_TLS	Chlorobium tepidum TLS	2009	639065	334	k__Bacteria (UID2570)	98.9	0.55	0	2154946	0	1	1	2154946	2154946	56.53	0	87.23	11	2009
G000007145	ASM714v1	GCF_000007145.1	PRJNA57887	SAMN02603845	ftp://ftp.ncbi.nlm.nih.gov/genomes/all/GCF/000/007/145/GCF_000007145.1_ASM714v1	strain=ATCC 33913	Xanthomonas campestris pv. campestris str. ATCC 33913	1	1	0.9	1	5/24/02	339	Sao Paulo state (Brazil) Consortium	190485	Bacteria	Proteobacteria	Gammaproteobacteria	Xanthomonadales	Xanthomonadaceae	Xanthomonas	Xanthomonas_campestris	Xanthomonas_campestris_pv_campestris_str_ATCC_33913	Xanthomonas campestris pv. campestris str. ATCC 33913	4292	1472146	358	c__Gammaproteobacteria (UID4202)	99.64	0	0	5076188	16	1	1	5076188	5076172	65.07	0	85.32	11	4292
G000007265	ASM726v1	GCF_000007265.1	PRJNA57943	SAMN02604013	ftp://ftp.ncbi.nlm.nih.gov/genomes/all/GCF/000/007/265/GCF_000007265.1_ASM726v1	strain=2603V/R	Streptococcus agalactiae 2603V/R	1	1	1	1	8/28/02	1311	TIGR	208435	Bacteria	Firmicutes	Bacilli	Lactobacillales	Streptococcaceae	Streptococcus	Streptococcus_agalactiae	Streptococcus_agalactiae_2603V_R	Streptococcus agalactiae 2603V/R	2106	643747	298	f__Streptococcaceae (UID545)	100	0.18	0	2160267	0	1	1	2160267	2160267	35.65	0	87.65	11	2106
G000007325	ASM732v1	GCF_000007325.1	PRJNA57885	SAMN02603417	ftp://ftp.ncbi.nlm.nih.gov/genomes/all/GCF/000/007/325/GCF_000007325.1_ASM732v1	strain=ATCC 25586	Fusobacterium nucleatum subsp. nucleatum ATCC 25586	1	1	1	1	4/9/02	851	Integrated Genomics	190304	Bacteria	Fusobacteria	Fusobacteriia	Fusobacteriales	Fusobacteriaceae	Fusobacterium	Fusobacterium_nucleatum	Fusobacterium_nucleatum_subsp_nucleatum_ATCC_25586	Fusobacterium nucleatum subsp. nucleatum ATCC 25586	2022	670780	297	k__Bacteria (UID2329)	99.95	0	0	2174500	1	1	1	2174500	2174499	27.15	0	90.75	11	2022
G000007465	ASM746v2	GCF_000007465.2	PRJNA57947	SAMN02604090	ftp://ftp.ncbi.nlm.nih.gov/genomes/all/GCF/000/007/465/GCF_000007465.2_ASM746v2	strain=UA159	Streptococcus mutans UA159	1	1	0.9	1	9/1/11	1309	Univ. Oklahoma	210007	Bacteria	Firmicutes	Bacilli	Lactobacillales	Streptococcaceae	Streptococcus	Streptococcus_mutans	Streptococcus_mutans_UA159	Streptococcus mutans UA159	1897	591301	308	o__Lactobacillales (UID544)	100	0	0	2032925	0	1	1	2032925	2032925	36.83	0	85.54	11	1897
G000007525	ASM752v1	GCF_000007525.1	PRJNA57939	SAMN02603675	ftp://ftp.ncbi.nlm.nih.gov/genomes/all/GCF/000/007/525/GCF_000007525.1_ASM752v1	strain=NCC2705	Bifidobacterium longum NCC2705	1	0.996	0.9	1	1/21/05	216816	Nestle Research Center, Switzerland	206672	Bacteria	Actinobacteria	Actinobacteria	Bifidobacteriales	Bifidobacteriaceae	Bifidobacterium	Bifidobacterium_longum	Bifidobacterium_longum_NCC2705	Bifidobacterium longum NCC2705	1833	667063	289	f__Bifidobacteriaceae (UID1462)	100	0	0	2260266	0	2	2	2256640	2256640	60.13	3.31	86.86	11	1833
G000007565	ASM756v2	GCF_000007565.2	PRJNA57843	SAMN02603999	ftp://ftp.ncbi.nlm.nih.gov/genomes/all/GCF/000/007/565/GCF_000007565.2_ASM756v2	strain=KT2440	Pseudomonas putida KT2440	1	1	0.9	1	2/26/16	303	TIGR	160488	Bacteria	Proteobacteria	Gammaproteobacteria	Pseudomonadales	Pseudomonadaceae	Pseudomonas	Pseudomonas_putida	Pseudomonas_putida_KT2440	Pseudomonas putida KT2440	5584	1861131	381	g__Pseudomonas (UID4525)	99.97	1.2	0	6181873	0	1	1	6181873	6181873	61.52	0	88.57	11	5584
G000007645	ASM764v1	GCF_000007645.1	PRJNA57861	SAMN02603126	ftp://ftp.ncbi.nlm.nih.gov/genomes/all/GCF/000/007/645/GCF_000007645.1_ASM764v1	strain=ATCC 12228	Staphylococcus epidermidis ATCC 12228	1	0.977	0.9	1	12/20/02	1282	Chinese National HGC, Shanghai	176280	Bacteria	Firmicutes	Bacilli	Bacillales	Staphylococcaceae	Staphylococcus	Staphylococcus_epidermidis	Staphylococcus_epidermidis_ATCC_12228	Staphylococcus epidermidis ATCC 12228	2354	721937	345	g__Staphylococcus (UID294)	99.81	0	0	2564615	0	7	7	2499279	2499279	32.05	2.42	82.81	11	2354
G000007765	ASM776v1	GCF_000007765.1	PRJNA57631	SAMN02603970	ftp://ftp.ncbi.nlm.nih.gov/genomes/all/GCF/000/007/765/GCF_000007765.1_ASM776v1	strain=RSA 493	Coxiella burnetii RSA 493	1	0.995	0.9	1	7/22/05	777	TIGR	227377	Bacteria	Proteobacteria	Gammaproteobacteria	Legionellales	Coxiellaceae	Coxiella	Coxiella_burnetii	Coxiella_burnetii_RSA_493	Coxiella burnetii RSA 493	2058	613036	308	c__Gammaproteobacteria (UID4266)	100	0	0	2032674	0	2	2	1995281	1995281	42.6	2.33	88.53	11	2058
G000007785	ASM778v1	GCF_000007785.1	PRJNA57669	SAMN02603978	ftp://ftp.ncbi.nlm.nih.gov/genomes/all/GCF/000/007/785/GCF_000007785.1_ASM778v1	strain=V583	Enterococcus faecalis V583	0.99	0.991	1	1	3/28/03	1351	TIGR	226185	Bacteria	Firmicutes	Bacilli	Lactobacillales	Enterococcaceae	Enterococcus	Enterococcus_faecalis	Enterococcus_faecalis_V583	Enterococcus faecalis V583	3271	1000353	309	o__Lactobacillales (UID544)	99.53	0.31	0	3359974	0	4	4	3218031	3218031	37.38	3.06	87.57	11	3271
G000007805	ASM780v1	GCF_000007805.1	PRJNA57967	SAMN02604017	ftp://ftp.ncbi.nlm.nih.gov/genomes/all/GCF/000/007/805/GCF_000007805.1_ASM780v1	strain=DC3000	[Pseudomonas syringae] pv. tomato str. DC3000	1	0.997	0.9	1	3/5/03	251701	TIGR	223283	Bacteria	Proteobacteria	Gammaproteobacteria	Pseudomonadales	Pseudomonadaceae	Pseudomonas	Pseudomonas_syringae_group_genomosp_3	Pseudomonas_syringae_pv_tomato_str_DC3000	[Pseudomonas syringae] pv. tomato str. DC3000	5862	1948843	381	o__Pseudomonadales (UID4488)	100	0.22	0	6538260	0	3	3	6397126	6397126	58.34	2.23	87.68	11	5862
G000007825	ASM782v1	GCF_000007825.1	PRJNA57975	SAMN02603340	ftp://ftp.ncbi.nlm.nih.gov/genomes/all/GCF/000/007/825/GCF_000007825.1_ASM782v1	strain=ATCC 14579	Bacillus cereus ATCC 14579	1	0.998	1	1	7/6/04	1396	INRA	226900	Bacteria	Firmicutes	Bacilli	Bacillales	Bacillaceae	Bacillus	Bacillus_cereus	Bacillus_cereus_ATCC_14579	Bacillus cereus ATCC 14579	5541	1546426	383	g__Bacillus (UID902)	98.18	0.58	18.18	5427083	0	2	2	5411809	5411809	35.29	1.94	83.79	11	5541
G000007845	ASM784v1	GCF_000007845.1	PRJNA57909	SAMN02603432	ftp://ftp.ncbi.nlm.nih.gov/genomes/all/GCF/000/007/845/GCF_000007845.1_ASM784v1	strain=Ames	Bacillus anthracis str. Ames	1	1	1	1	4/30/03	1392	J. Craig Venter Institute	198094	Bacteria	Firmicutes	Bacilli	Bacillales	Bacillaceae	Bacillus	Bacillus_anthracis	Bacillus_anthracis_str_Ames	Bacillus anthracis str. Ames	5474	1495110	381	g__Bacillus (UID902)	99.23	0.15	0	5227293	0	1	1	5227293	5227293	35.38	0	84.11	11	5474
G000007925	ASM792v1	GCF_000007925.1	PRJNA57995	SAMN02603142	ftp://ftp.ncbi.nlm.nih.gov/genomes/all/GCF/000/007/925/GCF_000007925.1_ASM792v1	strain=CCMP1375; SS120	Prochlorococcus marinus subsp. marinus str. CCMP1375	1	1	0.9	1	7/25/03	1219	CNRS	167539	Bacteria	Cyanobacteria		Synechococcales	Prochloraceae	Prochlorococcus	Prochlorococcus_marinus	Prochlorococcus_marinus_subsp_marinus_str_CCMP1375	Prochlorococcus marinus subsp. marinus str. CCMP1375 CCMP1375; SS120	1908	529797	312	p__Cyanobacteria (UID2143)	100	0	0	1751080	0	1	1	1751080	1751080	36.44	0	88.91	11	1908
G000007985	ASM798v2	GCF_000007985.2	PRJNA57743	SAMN02603989	ftp://ftp.ncbi.nlm.nih.gov/genomes/all/GCF/000/007/985/GCF_000007985.2_ASM798v2	strain=PCA	Geobacter sulfurreducens PCA	1	1	1	1	7/31/12	35554	TIGR	243231	Bacteria	Proteobacteria	Deltaproteobacteria	Desulfuromonadales	Geobacteraceae	Geobacter	Geobacter_sulfurreducens	Geobacter_sulfurreducens_PCA	Geobacter sulfurreducens PCA	3417	1176369	363	c__Deltaproteobacteria (UID3216)	99.35	0	0	3814128	0	1	1	3814128	3814128	60.94	0	90.75	11	3417
G000008165	ASM816v1	GCF_000008165.1	PRJNA58091	SAMN02598266	ftp://ftp.ncbi.nlm.nih.gov/genomes/all/GCF/000/008/165/GCF_000008165.1_ASM816v1	strain=Sterne	Bacillus anthracis str. Sterne	1	1	1	1	6/24/04	1392	DOE Joint Genome Institute	260799	Bacteria	Firmicutes	Bacilli	Bacillales	Bacillaceae	Bacillus	Bacillus_anthracis	Bacillus_anthracis_str_Sterne	Bacillus anthracis str. Sterne	5471	1495624	381	g__Bacillus (UID902)	99.23	0.15	0	5228663	0	1	1	5228663	5228663	35.38	0	84.12	11	5471
G000008185	ASM818v1	GCF_000008185.1	PRJNA57583	SAMN02603967	ftp://ftp.ncbi.nlm.nih.gov/genomes/all/GCF/000/008/185/GCF_000008185.1_ASM818v1	strain=ATCC 35405	Treponema denticola ATCC 35405	1	1	1	1	2/3/04	158	TIGR	243275	Bacteria	Spirochaetes	Spirochaetia	Spirochaetales	Spirochaetaceae	Treponema	Treponema_denticola	Treponema_denticola_ATCC_35405	Treponema denticola ATCC 35405	2578	885778	281	f__Spirochaetaceae (UID2512)	100	0	0	2843201	0	1	1	2843201	2843201	37.87	0	91.64	11	2578
G000008305	ASM830v1	GCF_000008305.1	PRJNA58055	SAMN03081416	ftp://ftp.ncbi.nlm.nih.gov/genomes/all/GCF/000/008/305/GCF_000008305.1_ASM830v1	strain=L1; ATCC 33453	Mesoplasma florum L1	1	1	0.9	1	7/19/04	2151	Broad Institute	265311	Bacteria	Tenericutes	Mollicutes	Entomoplasmatales	Entomoplasmataceae	Mesoplasma	Mesoplasma_florum	Mesoplasma_florum_L1	Mesoplasma florum L1 L1; ATCC 33453	1475	184715	158	c__Mollicutes (UID2395)	100	0.38	0	793224	0	1	1	793224	793224	27.02	0	92.77	4	686
G000008505	ASM850v1	GCF_000008505.1	PRJNA58089	SAMN02598265	ftp://ftp.ncbi.nlm.nih.gov/genomes/all/GCF/000/008/505/GCF_000008505.1_ASM850v1	strain=97-27	[Bacillus thuringiensis] serovar konkukian str. 97-27	1	0.998	1	1	12/27/04	1428	DOE Joint Genome Institute	281309	Bacteria	Firmicutes	Bacilli	Bacillales	Bacillaceae	Bacillus	Bacillus_thuringiensis	Bacillus_thuringiensis_serovar_konkukian_str_97_27	[Bacillus thuringiensis] serovar konkukian str. 97-27	5361	1516528	381	g__Bacillus (UID902)	99.07	0.31	0	5314794	1	2	2	5237682	5237681	35.37	1.93	83.96	11	5361
G000008525	ASM852v1	GCF_000008525.1	PRJNA57787	SAMN02603995	ftp://ftp.ncbi.nlm.nih.gov/genomes/all/GCF/000/008/525/GCF_000008525.1_ASM852v1	strain=26695	Helicobacter pylori 26695	1	1	1	1	12/22/99	210	TIGR	85962	Bacteria	Proteobacteria	Epsilonproteobacteria	Campylobacterales	Helicobacteraceae	Helicobacter	Helicobacter_pylori	Helicobacter_pylori_26695	Helicobacter pylori 26695	1579	514109	275	g__Helicobacter (UID3132)	99.36	0	0	1667867	8	1	1	1667867	1667859	38.87	0	90.61	11	1579
G000008545	ASM854v1	GCF_000008545.1	PRJNA57723	SAMN02603986	ftp://ftp.ncbi.nlm.nih.gov/genomes/all/GCF/000/008/545/GCF_000008545.1_ASM854v1	strain=MSB8	Thermotoga maritima MSB8	1	1	0.9	1	1/9/01	2336	TIGR	243274	Bacteria	Thermotogae	Thermotogae	Thermotogales	Thermotogaceae	Thermotoga	Thermotoga_maritima	Thermotoga_maritima_MSB8	Thermotoga maritima MSB8	1866	602696	312	k__Bacteria (UID209)	100	1.79	100	1860725	0	1	1	1860725	1860725	46.25	0	94.91	11	1866
G000008565	ASM856v1	GCF_000008565.1	PRJNA57665	SAMN02603976	ftp://ftp.ncbi.nlm.nih.gov/genomes/all/GCF/000/008/565/GCF_000008565.1_ASM856v1	strain=R1	Deinococcus radiodurans R1	1	0.991	0.8	1	12/11/00	1299	TIGR	243230	Bacteria	Deinococcus_Thermus	Deinococci	Deinococcales	Deinococcaceae	Deinococcus	Deinococcus_radiodurans	Deinococcus_radiodurans_R1	Deinococcus radiodurans R1	3248	987980	359	k__Bacteria (UID2142)	98.72	0	0	3284156	27	4	4	2648638	2648625	66.61	5.49	88.41	11	3248
G000008625	ASM862v1	GCF_000008625.1	PRJNA57765	SAMN02603207	ftp://ftp.ncbi.nlm.nih.gov/genomes/all/GCF/000/008/625/GCF_000008625.1_ASM862v1	strain=VF5	Aquifex aeolicus VF5	1	0.994	0.9	1	12/22/99	63363	DIVERSA	224324	Bacteria	Aquificae	Aquificae	Aquificales	Aquificaceae	Aquifex	Aquifex_aeolicus	Aquifex_aeolicus_VF5	Aquifex aeolicus VF5	1776	514666	317	k__Bacteria (UID3060)	98.98	1.22	75	1590791	0	2	2	1551335	1551335	43.3	4.85	94.67	11	1776
G000008685	ASM868v2	GCF_000008685.2	PRJNA57581	SAMN02603966	ftp://ftp.ncbi.nlm.nih.gov/genomes/all/GCF/000/008/685/GCF_000008685.2_ASM868v2	strain=B31	Borrelia burgdorferi B31	1	0.879	1	0.9	11/9/11	139	TIGR	224326	Bacteria	Spirochaetes	Spirochaetia	Spirochaetales	Borreliaceae	Borreliella	Borreliella_burgdorferi	Borrelia_burgdorferi_B31	Borrelia burgdorferi B31	1511	441681	178	f__Spirochaetaceae (UID2512)	100	0	0	1521208	2	22	22	910724	910722	28.18	3.15	85.29	11	1511
G000008725	ASM872v1	GCF_000008725.1	PRJNA57637	SAMN02603114	ftp://ftp.ncbi.nlm.nih.gov/genomes/all/GCF/000/008/725/GCF_000008725.1_ASM872v1	strain=D/UW-3/CX	Chlamydia trachomatis D/UW-3/CX	1	1	0.9	1	1/9/01	813	ChGP	272561	Bacteria	Chlamydiae	Chlamydiia	Chlamydiales	Chlamydiaceae	Chlamydia	Chlamydia_trachomatis	Chlamydia_trachomatis_D_UW_3_CX	Chlamydia trachomatis D/UW-3/CX	897	318650	215	o__Chlamydiales (UID2994)	98.92	0	0	1042519	0	1	1	1042519	1042519	41.31	0	89.82	11	897
G000008745	ASM874v1	GCF_000008745.1	PRJNA57811	SAMN02603115	ftp://ftp.ncbi.nlm.nih.gov/genomes/all/GCF/000/008/745/GCF_000008745.1_ASM874v1	strain=CWL029	Chlamydophila pneumoniae CWL029	1	1	0.9	1	12/22/99	83558	ChGP	115713	Bacteria	Chlamydiae	Chlamydiia	Chlamydiales	Chlamydiaceae	Chlamydia	Chlamydia_pneumoniae	Chlamydophila_pneumoniae_CWL029	Chlamydophila pneumoniae CWL029	1063	373983	219	k__Bacteria (UID2993)	99.49	0	0	1230230	0	1	1	1230230	1230230	40.58	0	89.29	11	1063
G000008765	ASM876v1	GCF_000008765.1	PRJNA57677	SAMN02603243	ftp://ftp.ncbi.nlm.nih.gov/genomes/all/GCF/000/008/765/GCF_000008765.1_ASM876v1	strain=ATCC 824	Clostridium acetobutylicum ATCC 824	1	0.998	0.1	0.9	11/22/02	1488	Genome Therapeutics	272562	Bacteria	Firmicutes	Clostridia	Clostridiales	Clostridiaceae	Clostridium	Clostridium_acetobutylicum	Clostridium_acetobutylicum_ATCC_824	Clostridium acetobutylicum ATCC 824	3896	1211240	345	g__Clostridium (UID1380)	100	0	0	4132880	0	2	2	3940880	3940880	30.93	0.01	86.22	11	3896
G000008805	ASM880v1	GCF_000008805.1	PRJNA57817	SAMN02603997	ftp://ftp.ncbi.nlm.nih.gov/genomes/all/GCF/000/008/805/GCF_000008805.1_ASM880v1	strain=MC58	Neisseria meningitidis MC58	1	1	0.9	1	5/26/05	487	TIGR	122586	Bacteria	Proteobacteria	Betaproteobacteria	Neisseriales	Neisseriaceae	Neisseria	Neisseria_meningitidis	Neisseria_meningitidis_MC58	Neisseria meningitidis MC58	2107	632964	322	f__Neisseriaceae (UID3901)	99.75	1.9	80	2272360	0	1	1	2272360	2272360	51.53	0	81.95	11	2107
G000008865	ASM886v1	GCF_000008865.1	PRJNA57781	SAMN01911278	ftp://ftp.ncbi.nlm.nih.gov/genomes/all/GCF/000/008/865/GCF_000008865.1_ASM886v1	strain=Sakai substr. RIMD 0509952	Escherichia coli O157:H7 str. Sakai	1	0.996	0.9	1	5/11/04	562	GIRC	386585	Bacteria	Proteobacteria	Gammaproteobacteria	Enterobacterales	Enterobacteriaceae	Escherichia	Escherichia_coli	Escherichia_coli_O157_H7_str_Sakai	Escherichia coli O157:H7 str. Sakai Sakai substr. RIMD 0509952	5399	1663868	374	f__Enterobacteriaceae (UID5124)	99.97	0.33	0	5594477	0	3	3	5498450	5498450	50.48	4.41	87.43	11	5399
G000008925	ASM892v1	GCF_000008925.1	PRJNA58233	SAMN02604111	ftp://ftp.ncbi.nlm.nih.gov/genomes/all/GCF/000/008/925/GCF_000008925.1_ASM892v1	strain=UCC118	Lactobacillus salivarius UCC118	1	0.986	1	1	3/30/06	1624	University College Cork	362948	Bacteria	Firmicutes	Bacilli	Lactobacillales	Lactobacillaceae	Lactobacillus	Lactobacillus_salivarius	Lactobacillus_salivarius_UCC118	Lactobacillus salivarius UCC118	2106	630045	292	o__Lactobacillales (UID374)	99.48	0.52	0	2133977	0	4	4	1827111	1827111	33.04	4.49	86.85	11	2106
G000009065	ASM906v1	GCF_000009065.1	PRJNA57621	SAMEA1705942	ftp://ftp.ncbi.nlm.nih.gov/genomes/all/GCF/000/009/065/GCF_000009065.1_ASM906v1	strain=CO92	Yersinia pestis CO92	1	0.994	1	1	5/6/03	632	Sanger Institute	214092	Bacteria	Proteobacteria	Gammaproteobacteria	Enterobacterales	Yersiniaceae	Yersinia	Yersinia_pestis	Yersinia_pestis_CO92	Yersinia pestis CO92	4298	1371586	372	g__Yersinia (UID5070)	99.82	0	0	4829855	0	4	4	4653728	4653728	47.64	2.25	83.53	11	4298
G000009205	ASM920v1	GCF_000009205.1	PRJNA57679	SAMEA1705932	ftp://ftp.ncbi.nlm.nih.gov/genomes/all/GCF/000/009/205/GCF_000009205.1_ASM920v1	strain=630	Clostridioides difficile 630	1	0.998	0.9	1	9/20/06	1496	Sanger Institute	272563	Bacteria	Firmicutes	Clostridia	Clostridiales	Peptostreptococcaceae	Clostridioides	Clostridioides_difficile	Clostridioides_difficile_630	Clostridioides difficile 630	3829	1209268	340	s__difficile (UID1169)	99.51	0.37	0	4298133	0	2	2	4290252	4290252	29.06	0.82	82.8	11	3829
G000009345	ASM934v1	GCF_000009345.1	PRJNA57741	SAMEA1705958	ftp://ftp.ncbi.nlm.nih.gov/genomes/all/GCF/000/009/345/GCF_000009345.1_ASM934v1	strain=8081	Yersinia enterocolitica subsp. enterocolitica 8081	1	0.998	0.9	1	1/12/07	630	Sanger Institute	393305	Bacteria	Proteobacteria	Gammaproteobacteria	Enterobacterales	Yersiniaceae	Yersinia	Yersinia_enterocolitica	Yersinia_enterocolitica_subsp_enterocolitica_8081	Yersinia enterocolitica subsp. enterocolitica 8081	4253	1352606	373	f__Enterobacteriaceae (UID5065)	99.95	0	0	4683620	0	2	2	4615899	4615899	47.22	2.33	84.95	11	4253
G000009925	ASM992v1	GCF_000009925.1	PRJNA58195	SAMD00061068	ftp://ftp.ncbi.nlm.nih.gov/genomes/all/GCF/000/009/925/GCF_000009925.1_ASM992v1	strain=YCH46	Bacteroides fragilis YCH46	1	0.998	0.9	1	9/16/04	817	Kitasato Univ.	295405	Bacteria	Bacteroidetes	Bacteroidia	Bacteroidales	Bacteroidaceae	Bacteroides	Bacteroides_fragilis	Bacteroides_fragilis_YCH46	Bacteroides fragilis YCH46	4416	1603639	347	o__Bacteroidales (UID2657)	99.26	0	0	5310990	0	2	2	5277274	5277274	43.2	6.83	88.85	11	4416
G000011065	ASM1106v1	GCF_000011065.1	PRJNA62913	SAMN02604314	ftp://ftp.ncbi.nlm.nih.gov/genomes/all/GCF/000/011/065/GCF_000011065.1_ASM1106v1	strain=VPI-5482	Bacteroides thetaiotaomicron VPI-5482	1	0.998	0.7	1	3/28/03	818	Washington University Department of Molecular Biology and Pharmacology	226186	Bacteria	Bacteroidetes	Bacteroidia	Bacteroidales	Bacteroidaceae	Bacteroides	Bacteroides_thetaiotaomicron	Bacteroides_thetaiotaomicron_VPI_5482	Bacteroides thetaiotaomicron VPI-5482	4944	1919297	348	g__Bacteroides (UID2691)	99.41	0.4	0	6293399	0	2	2	6260361	6260361	42.86	3.1	89.77	11	4944
G000011345	ASM1134v1	GCF_000011345.1	PRJNA57907	SAMD00061106	ftp://ftp.ncbi.nlm.nih.gov/genomes/all/GCF/000/011/345/GCF_000011345.1_ASM1134v1		Thermosynechococcus elongatus BP-1	1	1	0.8	1	5/11/04	146786	Kazusa	197221	Bacteria	Cyanobacteria		Synechococcales	Synechococcaceae	Thermosynechococcus	Thermosynechococcus_elongatus	Thermosynechococcus_elongatus_BP_1	Thermosynechococcus elongatus BP-1	2520	792041	336	p__Cyanobacteria (UID2182)	99.76	0.12	0	2593857	0	1	1	2593857	2593857	53.92	0	89.65	11	2520
G000011365	ASM1136v1	GCF_000011365.1	PRJNA57599	SAMD00061083	ftp://ftp.ncbi.nlm.nih.gov/genomes/all/GCF/000/011/365/GCF_000011365.1_ASM1136v1	strain=USDA 110	Bradyrhizobium diazoefficiens USDA 110	1	1	0.9	1	5/11/04	1355477	Kazusa	224911	Bacteria	Proteobacteria	Alphaproteobacteria	Rhizobiales	Bradyrhizobiaceae	Bradyrhizobium	Bradyrhizobium_diazoefficiens	Bradyrhizobium_diazoefficiens_USDA_110	Bradyrhizobium diazoefficiens USDA 110	8498	2633797	374	g__Bradyrhizobium (UID3699)	99.99	0.3	0	9105828	0	1	1	9105828	9105828	64.06	0	85.1	11	8498
G000011385	ASM1138v1	GCF_000011385.1	PRJNA58011	SAMD00061120	ftp://ftp.ncbi.nlm.nih.gov/genomes/all/GCF/000/011/385/GCF_000011385.1_ASM1138v1	strain=PCC 7421	Gloeobacter violaceus PCC 7421	1	1	0.9	1	10/3/03	33072	Kazusa	251221	Bacteria	Cyanobacteria	Gloeobacteria	Gloeobacterales	Gloeobacteraceae	Gloeobacter	Gloeobacter_violaceus	Gloeobacter_violaceus_PCC_7421	Gloeobacter violaceus PCC 7421	4517	1409656	348	k__Bacteria (UID1453)	99.15	0.85	0	4659019	0	1	1	4659019	4659019	62	0	88.96	11	4517
G000011445	ASM1144v1	GCF_000011445.1	PRJNA58031	SAMEA3138208	ftp://ftp.ncbi.nlm.nih.gov/genomes/all/GCF/000/011/445/GCF_000011445.1_ASM1144v1	strain=PG1	Mycoplasma mycoides subsp. mycoides SC str. PG1	0.99	1	1	1	2/27/07	2102	Royal Institute of Technology, Stockholm, Sweden	272632	Bacteria	Tenericutes	Mollicutes	Mycoplasmatales	Mycoplasmataceae	Mycoplasma	Mycoplasma_mycoides	Mycoplasma_mycoides_subsp_mycoides_SC_str_PG1	Mycoplasma mycoides subsp. mycoides SC str. PG1	2036	241932	160	c__Mollicutes (UID2395)	99.62	1.13	50	1211703	0	1	1	1211703	1211703	23.97	0	86.66	4	1149
G000011545	ASM1154v1	GCF_000011545.1	PRJNA57733	SAMEA1705938	ftp://ftp.ncbi.nlm.nih.gov/genomes/all/GCF/000/011/545/GCF_000011545.1_ASM1154v1	strain=K96243	Burkholderia pseudomallei K96243	1	0.999	0.9	1	9/16/04	28450	Sanger Institute	272560	Bacteria	Proteobacteria	Betaproteobacteria	Burkholderiales	Burkholderiaceae	Burkholderia	Burkholderia_pseudomallei	Burkholderia_pseudomallei_K96243	Burkholderia pseudomallei K96243	5948	2066734	375	g__Burkholderia (UID4007)	100	0	0	7247547	0	2	2	4074542	4074542	68.06	0.39	83.87	11	5948
G000011705	ASM1170v1	GCF_000011705.1	PRJNA57725	SAMN02603987	ftp://ftp.ncbi.nlm.nih.gov/genomes/all/GCF/000/011/705/GCF_000011705.1_ASM1170v1	strain=ATCC 23344	Burkholderia mallei ATCC 23344	0.96	0.998	0.9	1	6/6/05	13373	TIGR	243160	Bacteria	Proteobacteria	Betaproteobacteria	Burkholderiales	Burkholderiaceae	Burkholderia	Burkholderia_mallei	Burkholderia_mallei_ATCC_23344	Burkholderia mallei ATCC 23344	5002	1666426	373	g__Burkholderia (UID4004)	99.95	0	0	5835527	0	2	2	3510148	3510148	68.49	0.42	84	11	5002
G000011805	ASM1180v1	GCF_000011805.1	PRJNA58163	SAMN02604303	ftp://ftp.ncbi.nlm.nih.gov/genomes/all/GCF/000/011/805/GCF_000011805.1_ASM1180v1	strain=ES114	Vibrio fischeri ES114	1	0.995	0.9	1	4/2/08	668	W.M. Keck Microbial Communities and Cell-signaling Program	312309	Bacteria	Proteobacteria	Gammaproteobacteria	Vibrionales	Vibrionaceae	Aliivibrio	Aliivibrio_fischeri	Vibrio_fischeri_ES114	Vibrio fischeri ES114	3819	1265696	361	f__Vibrionaceae (UID4865)	99.8	0	0	4273718	0	3	3	2897536	2897536	38.35	0.84	87.17	11	3819
G000011985	ASM1198v1	GCF_000011985.1	PRJNA57685	SAMN02603047	ftp://ftp.ncbi.nlm.nih.gov/genomes/all/GCF/000/011/985/GCF_000011985.1_ASM1198v1	strain=NCFM	Lactobacillus acidophilus NCFM	1	1	1	1	11/1/07	1579	Cal Poly. San Luis Obispo	272621	Bacteria	Firmicutes	Bacilli	Lactobacillales	Lactobacillaceae	Lactobacillus	Lactobacillus_acidophilus	Lactobacillus_acidophilus_NCFM	Lactobacillus acidophilus NCFM	1880	599516	260	g__Lactobacillus (UID377)	98.94	0	0	1993560	0	1	1	1993560	1993560	34.71	0	88.47	11	1880
G000012005	ASM1200v1	GCF_000012005.1	PRJNA58213	SAMN02603600	ftp://ftp.ncbi.nlm.nih.gov/genomes/all/GCF/000/012/005/GCF_000012005.1_ASM1200v1	strain=Sd197	Shigella dysenteriae Sd197	1	0.996	1	1	4/5/07	622	Microbial Genome Center of ChMPH	300267	Bacteria	Proteobacteria	Gammaproteobacteria	Enterobacterales	Enterobacteriaceae	Shigella	Shigella_dysenteriae	Shigella_dysenteriae_Sd197	Shigella dysenteriae Sd197	5218	1315872	368	f__Enterobacteriaceae (UID5124)	99.9	0.06	0	4560911	0	3	3	4369232	4369232	50.97	7.44	84.68	11	5218
G000012245	ASM1224v1	GCF_000012245.1	PRJNA57931	SAMN02604347	ftp://ftp.ncbi.nlm.nih.gov/genomes/all/GCF/000/012/245/GCF_000012245.1_ASM1224v1	strain=B728a	Pseudomonas syringae pv. syringae B728a	1	1	1	1	5/12/05	317	DOE Joint Genome Institute	205918	Bacteria	Proteobacteria	Gammaproteobacteria	Pseudomonadales	Pseudomonadaceae	Pseudomonas	Pseudomonas_syringae	Pseudomonas_syringae_pv_syringae_B728a	Pseudomonas syringae pv. syringae B728a	5207	1820299	378	o__Pseudomonadales (UID4488)	100	0.11	0	6093698	0	1	1	6093698	6093698	59.23	0	87.9	11	5207
G000012905	ASM1290v2	GCF_000012905.2	PRJNA57653	SAMN02598537	ftp://ftp.ncbi.nlm.nih.gov/genomes/all/GCF/000/012/905/GCF_000012905.2_ASM1290v2	strain=2.4.1; ATCC BAA-808	Rhodobacter sphaeroides 2.4.1	1	0.983	0.9	1	10/23/13	1063	DOE Joint Genome Institute	272943	Bacteria	Proteobacteria	Alphaproteobacteria	Rhodobacterales	Rhodobacteraceae	Rhodobacter	Rhodobacter_sphaeroides	Rhodobacter_sphaeroides_2_4_1	Rhodobacter sphaeroides 2.4.1 2.4.1; ATCC BAA-808	4351	1371912	372	f__Rhodobacteraceae (UID3340)	99.39	0	0	4602977	101	7	9	3188524	3188524	68.79	2.82	87.66	11	4351
G000013045	ASM1304v1	GCF_000013045.1	PRJNA58513	SAMN02604045	ftp://ftp.ncbi.nlm.nih.gov/genomes/all/GCF/000/013/045/GCF_000013045.1_ASM1304v1	strain=DSM 13855; M31	Salinibacter ruber DSM 13855	1	0.997	1	1	12/20/05	146919	TIGR	309807	Bacteria	Bacteroidetes		Bacteroidetes_Order_II_Incertae_sedis	Rhodothermaceae	Salinibacter	Salinibacter_ruber	Salinibacter_ruber_DSM_13855	Salinibacter ruber DSM 13855 DSM 13855; M31	3036	1039081	343	k__Bacteria (UID2570)	96.51	1.16	0	3587328	0	2	2	3551823	3551823	66.13	5.79	85.27	11	3036
G000013085	ASM1308v1	GCF_000013085.1	PRJNA57655	SAMN02598538	ftp://ftp.ncbi.nlm.nih.gov/genomes/all/GCF/000/013/085/GCF_000013085.1_ASM1308v1	strain=ATCC 11170	Rhodospirillum rubrum ATCC 11170	1	0.998	0.9	1	12/12/05	1085	DOE Joint Genome Institute	269796	Bacteria	Proteobacteria	Alphaproteobacteria	Rhodospirillales	Rhodospirillaceae	Rhodospirillum	Rhodospirillum_rubrum	Rhodospirillum_rubrum_ATCC_11170	Rhodospirillum rubrum ATCC 11170	3895	1323764	373	o__Rhodospirillales (UID3754)	99.5	0	0	4406557	0	2	2	4352825	4352825	65.38	3.97	88.38	11	3895
G000013105	ASM1310v1	GCF_000013105.1	PRJNA58051	SAMN02598257	ftp://ftp.ncbi.nlm.nih.gov/genomes/all/GCF/000/013/105/GCF_000013105.1_ASM1310v1	strain=ATCC 39073	Moorella thermoacetica ATCC 39073	1	1	1	1	12/12/05	1525	DOE Joint Genome Institute	264732	Bacteria	Firmicutes	Clostridia	Thermoanaerobacterales	Thermoanaerobacteraceae	Moorella	Moorella_thermoacetica	Moorella_thermoacetica_ATCC_39073	Moorella thermoacetica ATCC 39073	2640	787634	343	c__Clostridia (UID1085)	99.23	0	0	2628784	0	1	1	2628784	2628784	55.79	0	88.01	11	2640
G000014205	ASM1420v1	GCF_000014205.1	PRJNA224116	SAMN02604299	ftp://ftp.ncbi.nlm.nih.gov/genomes/all/GCF/000/014/205/GCF_000014205.1_ASM1420v1	strain=SK36	Streptococcus sanguinis SK36	1	1	0.9	1	2/9/07	1305	Virginia Commonwealth University	388919	Bacteria	Firmicutes	Bacilli	Lactobacillales	Streptococcaceae	Streptococcus	Streptococcus_sanguinis	Streptococcus_sanguinis_SK36	Streptococcus sanguinis SK36	2274	721195	318	o__Lactobacillales (UID544)	100	0	0	2388435	0	1	1	2388435	2388435	43.4	0	88.81	11	2274
G000014525	ASM1452v1	GCF_000014525.1	PRJNA57985	SAMN02598528	ftp://ftp.ncbi.nlm.nih.gov/genomes/all/GCF/000/014/525/GCF_000014525.1_ASM1452v1	strain=ATCC 334	Lactobacillus paracasei ATCC 334	1	0.997	0.9	1	10/13/06	1597	US DOE Joint Genome Institute (JGI), The Lactic Acid Bacteria Genome Consortium and Fidelity Systems Inc.	321967	Bacteria	Firmicutes	Bacilli	Lactobacillales	Lactobacillaceae	Lactobacillus	Lactobacillus_paracasei	Lactobacillus_paracasei_ATCC_334	Lactobacillus paracasei ATCC 334	2850	843339	305	g__Lactobacillus (UID436)	99.46	0	0	2924325	0	2	2	2895264	2895264	46.58	3.12	84.77	11	2850
G000014805	ASM1480v1	GCF_000014805.1	PRJNA58617	SAMN02604052	ftp://ftp.ncbi.nlm.nih.gov/genomes/all/GCF/000/014/805/GCF_000014805.1_ASM1480v1	strain=ATCC 7966	Aeromonas hydrophila subsp. hydrophila ATCC 7966	1	1	0.8	1	11/6/06	644	TIGR	380703	Bacteria	Proteobacteria	Gammaproteobacteria	Aeromonadales	Aeromonadaceae	Aeromonas	Aeromonas_hydrophila	Aeromonas_hydrophila_subsp_hydrophila_ATCC_7966	Aeromonas hydrophila subsp. hydrophila ATCC 7966	4188	1405590	379	c__Gammaproteobacteria (UID4754)	99.97	0	0	4744448	0	1	1	4744448	4744448	61.55	0	87.2	11	4188
G000015005	ASM1500v1	GCF_000015005.1	PRJNA57701	SAMN02603982	ftp://ftp.ncbi.nlm.nih.gov/genomes/all/GCF/000/015/005/GCF_000015005.1_ASM1500v1	strain=MC2 155	Mycobacterium smegmatis str. MC2 155	1	1	1	1	11/20/06	1772	TIGR	246196	Bacteria	Actinobacteria	Actinobacteria	Corynebacteriales	Mycobacteriaceae	Mycobacterium	Mycobacterium_smegmatis	Mycobacterium_smegmatis_str_MC2_155	Mycobacterium smegmatis str. MC2 155	6690	2193424	350	o__Actinomycetales (UID1815)	99.84	1.13	80	6988209	0	1	1	6988209	6988209	67.4	0	92.25	11	6690
G000017045	ASM1704v1	GCF_000017045.1	PRJNA58931	SAMN02603534	ftp://ftp.ncbi.nlm.nih.gov/genomes/all/GCF/000/017/045/GCF_000017045.1_ASM1704v1	strain=Hall	Clostridium botulinum A str. Hall	1	1	1	1	7/20/07	1491	Los Alamos National Laboratory	441771	Bacteria	Firmicutes	Clostridia	Clostridiales	Clostridiaceae	Clostridium	Clostridium_botulinum	Clostridium_botulinum_A_str_Hall	Clostridium botulinum A str. Hall	3397	1039323	328	g__Clostridium (UID1380)	99.31	0	0	3760560	0	1	1	3760560	3760560	28.18	0	81.33	11	3397
G000017145	ASM1714v1	GCF_000017145.1	PRJNA58549	SAMN02598363	ftp://ftp.ncbi.nlm.nih.gov/genomes/all/GCF/000/017/145/GCF_000017145.1_ASM1714v1	strain=WSM419	Sinorhizobium medicae WSM419	1	0.996	0.9	1	6/29/07	110321	US DOE Joint Genome Institute	366394	Bacteria	Proteobacteria	Alphaproteobacteria	Rhizobiales	Rhizobiaceae	Sinorhizobium	Sinorhizobium_medicae	Sinorhizobium_medicae_WSM419	Sinorhizobium medicae WSM419	6494	2012062	371	g__Ensifer (UID3566)	99.16	0	0	6817576	0	4	4	3781904	3781904	61.15	0.87	86.8	11	6494
G000018545	ASM1854v1	GCF_000018545.1	PRJNA59081	SAMN02603283	ftp://ftp.ncbi.nlm.nih.gov/genomes/all/GCF/000/018/545/GCF_000018545.1_ASM1854v1	strain=NGR234	Sinorhizobium fredii NGR234	1	0.997	0.8	1	4/22/09	380	Goettingen Genomics Laboratory	394	Bacteria	Proteobacteria	Alphaproteobacteria	Rhizobiales	Rhizobiaceae	Sinorhizobium	Sinorhizobium_fredii	Sinorhizobium_fredii_NGR234	Sinorhizobium fredii NGR234	6413	2015527	375	f__Rhizobiaceae (UID3565)	100	0	0	6891900	0	3	3	3925702	3925702	62.42	2.3	86.01	11	6413
G000018865	ASM1886v1	GCF_000018865.1	PRJNA57657	SAMN02598539	ftp://ftp.ncbi.nlm.nih.gov/genomes/all/GCF/000/018/865/GCF_000018865.1_ASM1886v1	strain=J-10-fl	Chloroflexus aurantiacus J-10-fl	1	1	1	1	12/20/07	1108	US DOE Joint Genome Institute	324602	Bacteria	Chloroflexi	Chloroflexia	Chloroflexales	Chloroflexaceae	Chloroflexus	Chloroflexus_aurantiacus	Chloroflexus_aurantiacus_J_10_fl	Chloroflexus aurantiacus J-10-fl	4336	1497671	348	k__Bacteria (UID1452)	99.69	0	0	5258541	0	1	1	5258541	5258541	56.7	0	83.73	11	4336
G000020985	ASM2098v1	GCF_000020985.1	PRJNA59257	SAMN02603929	ftp://ftp.ncbi.nlm.nih.gov/genomes/all/GCF/000/020/985/GCF_000020985.1_ASM2098v1	strain=DSM 11347	Thermodesulfovibrio yellowstonii DSM 11347	1	1	1	1	9/26/08	28262	The J. Craig Venter Institute	289376	Bacteria	Nitrospirae	Nitrospira	Nitrospirales	Nitrospiraceae	Thermodesulfovibrio	Thermodesulfovibrio_yellowstonii	Thermodesulfovibrio_yellowstonii_DSM_11347	Thermodesulfovibrio yellowstonii DSM 11347	2007	641695	316	k__Bacteria (UID3187)	99.08	3.67	100	2003803	0	1	1	2003803	2003803	34.13	0	93.93	11	2007
G000021645	ASM2164v1	GCF_000021645.1	PRJNA59177	SAMN00002661	ftp://ftp.ncbi.nlm.nih.gov/genomes/all/GCF/000/021/645/GCF_000021645.1_ASM2164v1	strain=DSM 6724	Dictyoglomus turgidum DSM 6724	1	1	1	1	12/12/08	513050	US DOE Joint Genome Institute (JGI-PGF)	515635	Bacteria	Dictyoglomi	Dictyoglomia	Dictyoglomales	Dictyoglomaceae	Dictyoglomus	Dictyoglomus_turgidum	Dictyoglomus_turgidum_DSM_6724	Dictyoglomus turgidum DSM 6724	1818	593370	302	k__Bacteria (UID203)	100	0	0	1855560	0	1	1	1855560	1855560	33.96	0	93.87	11	1818
G000022005	ASM2200v1	GCF_000022005.1	PRJNA59307	SAMN02604151	ftp://ftp.ncbi.nlm.nih.gov/genomes/all/GCF/000/022/005/GCF_000022005.1_ASM2200v1	strain=NA1000	Caulobacter crescentus NA1000	1	1	0.9	1	1/16/09	155892	University of Chicago	565050	Bacteria	Proteobacteria	Alphaproteobacteria	Caulobacterales	Caulobacteraceae	Caulobacter	Caulobacter_vibrioides	Caulobacter_crescentus_NA1000	Caulobacter crescentus NA1000	3724	1222024	355	c__Alphaproteobacteria (UID3422)	99.68	0	0	4042929	0	1	1	4042929	4042929	67.17	0	88.94	11	3724
G000023405	ASM2340v1	GCF_000023405.1	PRJNA58649	SAMN00002685	ftp://ftp.ncbi.nlm.nih.gov/genomes/all/GCF/000/023/405/GCF_000023405.1_ASM2340v1	strain=DSM 4810	Brachybacterium faecium DSM 4810	1	1	0.9	1	8/25/09	43669	US DOE Joint Genome Institute (JGI-PGF)	446465	Bacteria	Actinobacteria	Actinobacteria	Micrococcales	Dermabacteraceae	Brachybacterium	Brachybacterium_faecium	Brachybacterium_faecium_DSM_4810	Brachybacterium faecium DSM 4810	3122	1104071	326	o__Actinomycetales (UID1572)	100	0.58	0	3614992	0	1	1	3614992	3614992	72.05	0	89.88	11	3122
G000024905	ASM2490v1	GCF_000024905.1	PRJNA41925	SAMN00002595	ftp://ftp.ncbi.nlm.nih.gov/genomes/all/GCF/000/024/905/GCF_000024905.1_ASM2490v1	strain=DSM 6589	Thermanaerovibrio acidaminovorans DSM 6589	1	1	1	1	11/19/09	81462	US DOE Joint Genome Institute (JGI-PGF)	525903	Bacteria	Synergistetes	Synergistia	Synergistales	Synergistaceae	Thermanaerovibrio	Thermanaerovibrio_acidaminovorans	Thermanaerovibrio_acidaminovorans_DSM_6589	Thermanaerovibrio acidaminovorans DSM 6589	1763	583715	317	k__Bacteria (UID209)	98.31	0	0	1848474	0	1	1	1848474	1848474	63.79	0	92.79	11	1763
G000025565	ASM2556v1	GCF_000025565.1	PRJNA48363	SAMN02603901	ftp://ftp.ncbi.nlm.nih.gov/genomes/all/GCF/000/025/565/GCF_000025565.1_ASM2556v1	strain=ATCC 13047	Enterobacter cloacae subsp. cloacae ATCC 13047	1	0.996	0.9	1	4/23/10	550	TEDA School of Biological Sciences and Biotechnology, Nankai University	716541	Bacteria	Proteobacteria	Gammaproteobacteria	Enterobacterales	Enterobacteriaceae	Enterobacter	Enterobacter_cloacae	Enterobacter_cloacae_subsp_cloacae_ATCC_13047	Enterobacter cloacae subsp. cloacae ATCC 13047	5457	1691313	377	f__Enterobacteriaceae (UID5124)	100	0.77	0	5598796	1	3	3	5314581	5314580	54.58	4.63	88.81	11	5457
G000026325	ASM2632v1	GCF_000026325.1	PRJNA62981	SAMEA3138233	ftp://ftp.ncbi.nlm.nih.gov/genomes/all/GCF/000/026/325/GCF_000026325.1_ASM2632v1	strain=UMN026	Escherichia coli UMN026	1	0.994	0.1	1	12/18/08	562	Genoscope	585056	Bacteria	Proteobacteria	Gammaproteobacteria	Enterobacterales	Enterobacteriaceae	Escherichia	Escherichia_coli	Escherichia_coli_UMN026	Escherichia coli UMN026	5021	1599264	375	f__Enterobacteriaceae (UID5124)	99.97	0.09	0	5358200	53	3	4	5202090	5202090	50.66	4.98	87.78	11	5021
G000026345	ASM2634v1	GCF_000026345.1	PRJNA59381	SAMEA3138234	ftp://ftp.ncbi.nlm.nih.gov/genomes/all/GCF/000/026/345/GCF_000026345.1_ASM2634v1	strain=IAI39	Escherichia coli IAI39	1	1	0.1	1	12/18/08	562	Genoscope	585057	Bacteria	Proteobacteria	Gammaproteobacteria	Enterobacterales	Enterobacteriaceae	Escherichia	Escherichia_coli	Escherichia_coli_IAI39	Escherichia coli IAI39	4863	1536444	374	f__Enterobacteriaceae (UID5124)	98.78	0.04	0	5132068	0	1	1	5132068	5132068	50.63	0	88.03	11	4863
G000026745	ASM2674v1	GCF_000026745.1	PRJNA59321	SAMEA2272697	ftp://ftp.ncbi.nlm.nih.gov/genomes/all/GCF/000/026/745/GCF_000026745.1_ASM2674v1	strain=BM407	Streptococcus suis BM407	1	0.995	0.9	1	7/7/09	1307	The Wellcome Trust Sanger Institute	568814	Bacteria	Firmicutes	Bacilli	Lactobacillales	Streptococcaceae	Streptococcus	Streptococcus_suis	Streptococcus_suis_BM407	Streptococcus suis BM407	2067	645430	297	o__Lactobacillales (UID544)	100	0.37	0	2170808	0	2	2	2146229	2146229	41.01	3.24	87.43	11	2067
G000027165	ASM2716v1	GCF_000027165.1	PRJNA46097	SAMEA3138244	ftp://ftp.ncbi.nlm.nih.gov/genomes/all/GCF/000/027/165/GCF_000027165.1_ASM2716v1	strain=B6	Streptococcus mitis B6	1	1	1	1	2/16/10	28037	Department of Microbiology, University of Kaiserslautern	365659	Bacteria	Firmicutes	Bacilli	Lactobacillales	Streptococcaceae	Streptococcus	Streptococcus_mitis	Streptococcus_mitis_B6	Streptococcus mitis B6	2050	638947	296	g__Streptococcus (UID576)	99.82	0.2	0	2146611	0	1	1	2146611	2146611	39.98	0	87.53	11	2050
G000027305	ASM2730v1	GCF_000027305.1	PRJNA57771	SAMN02603991	ftp://ftp.ncbi.nlm.nih.gov/genomes/all/GCF/000/027/305/GCF_000027305.1_ASM2730v1		Haemophilus influenzae Rd KW20	1	1	1	1	12/22/99	727	TIGR	71421	Bacteria	Proteobacteria	Gammaproteobacteria	Pasteurellales	Pasteurellaceae	Haemophilus	Haemophilus_influenzae	Haemophilus_influenzae_Rd_KW20	Haemophilus influenzae Rd KW20	1748	545346	306	f__Pasteurellaceae (UID4935)	99.67	0.22	100	1830138	46	1	1	1830138	1830092	38.15	0	87.65	11	1748
G000027345	ASM2734v1	GCF_000027345.1	PRJNA57709	SAMN02603304	ftp://ftp.ncbi.nlm.nih.gov/genomes/all/GCF/000/027/345/GCF_000027345.1_ASM2734v1	strain=M129	Mycoplasma pneumoniae M129	1	1	1	1	12/6/02	2104	Heidelberg Univ.	272634	Bacteria	Tenericutes	Mollicutes	Mycoplasmatales	Mycoplasmataceae	Mycoplasma	Mycoplasma_pneumoniae	Mycoplasma_pneumoniae_M129	Mycoplasma pneumoniae M129	1402	218204	145	c__Mollicutes (UID2395)	99.22	0	0	816394	0	1	1	816394	816394	40.01	0	90.85	4	764
G000063585	ASM6358v1	GCF_000063585.1	PRJNA61579	SAMEA1705919	ftp://ftp.ncbi.nlm.nih.gov/genomes/all/GCF/000/063/585/GCF_000063585.1_ASM6358v1	strain=ATCC 3502	Clostridium botulinum A str. ATCC 3502	1	0.997	0.9	1	5/24/07	1491	Sanger Institute	413999	Bacteria	Firmicutes	Clostridia	Clostridiales	Clostridiaceae	Clostridium	Clostridium_botulinum	Clostridium_botulinum_A_str_ATCC_3502	Clostridium botulinum A str. ATCC 3502	3563	1079743	328	g__Clostridium (UID1380)	99.31	0	0	3903260	0	2	2	3886916	3886916	28.24	1.01	81.41	11	3563
G000064305	ASM6430v2	GCF_000064305.2	PRJNA61627	SAMEA3138269	ftp://ftp.ncbi.nlm.nih.gov/genomes/all/GCF/000/064/305/GCF_000064305.2_ASM6430v2	strain=JIP02/86	Flavobacterium psychrophilum JIP02/86	1	1	0.9	1	5/30/13	96345	I.N.R.A., FRANCE	402612	Bacteria	Bacteroidetes	Flavobacteriia	Flavobacteriales	Flavobacteriaceae	Flavobacterium	Flavobacterium_psychrophilum	Flavobacterium_psychrophilum_JIP02_86	Flavobacterium psychrophilum JIP02/86	2514	844972	315	f__Flavobacteriaceae (UID2817)	99.29	0.44	0	2860382	0	1	1	2860382	2860382	32.53	0	86.95	11	2514
G000068585	ASM6858v1	GCF_000068585.1	PRJNA61633	SAMEA1705923	ftp://ftp.ncbi.nlm.nih.gov/genomes/all/GCF/000/068/585/GCF_000068585.1_ASM6858v1	strain=434/Bu	Chlamydia trachomatis 434/Bu	1	1	0.9	1	1/17/08	813	Wellcome Trust Sanger Institute	471472	Bacteria	Chlamydiae	Chlamydiia	Chlamydiales	Chlamydiaceae	Chlamydia	Chlamydia_trachomatis	Chlamydia_trachomatis_434_Bu	Chlamydia trachomatis 434/Bu	896	317500	215	o__Chlamydiales (UID2994)	98.92	0	0	1038842	0	1	1	1038842	1038842	41.33	0	89.79	11	896
G000069185	ASM6918v1	GCF_000069185.1	PRJNA61613	SAMEA3138276	ftp://ftp.ncbi.nlm.nih.gov/genomes/all/GCF/000/069/185/GCF_000069185.1_ASM6918v1		Mycobacterium abscessus	1	0.998	1	0.1	3/1/08	36809	Genoscope	36809	Bacteria	Actinobacteria	Actinobacteria	Corynebacteriales	Mycobacteriaceae	Mycobacterium	Mycobacterium_abscessus		Mycobacterium abscessus	4993	1606260	341	g__Mycobacterium (UID1816)	100	0	0	5090491	0	2	2	5067172	5067172	64.15	2.63	92.71	11	4993
G000091545	ASM9154v1	GCF_000091545.1	PRJNA58223	SAMD00061070	ftp://ftp.ncbi.nlm.nih.gov/genomes/all/GCF/000/091/545/GCF_000091545.1_ASM9154v1	strain=HB8	Thermus thermophilus HB8	1	0.991	0.9	1	11/15/04	274	National Institute of Advanced Industrial Science and Technology, Japan	300852	Bacteria	Deinococcus_Thermus	Deinococci	Thermales	Thermaceae	Thermus	Thermus_thermophilus	Thermus_thermophilus_HB8	Thermus thermophilus HB8	2224	676994	337	k__Bacteria (UID2142)	99.58	0	0	2116056	7	3	3	1849742	1849735	69.5	0.29	93.8	11	2224
G000092025	ASM9202v1	GCF_000092025.1	PRJNA57865	SAMN02603108	ftp://ftp.ncbi.nlm.nih.gov/genomes/all/GCF/000/092/025/GCF_000092025.1_ASM9202v1	strain=C58	Agrobacterium fabrum str. C58	1	0.995	0.9	1	11/5/07	1176649	Cereon	176299	Bacteria	Proteobacteria	Alphaproteobacteria	Rhizobiales	Rhizobiaceae	Agrobacterium	Agrobacterium_fabrum	Agrobacterium_fabrum_str_C58	Agrobacterium fabrum str. C58	5288	1694274	363	f__Rhizobiaceae (UID3564)	100	0	0	5674258	0	4	4	2841580	2841580	59.04	1.48	87.85	11	5288
G000092565	ASM9256v1	GCF_000092565.1	PRJNA57881	SAMN02603127	ftp://ftp.ncbi.nlm.nih.gov/genomes/all/GCF/000/092/565/GCF_000092565.1_ASM9256v1	strain=56601	Leptospira interrogans serovar Lai str. 56601	0.98	0.998	1	1	4/6/10	173	Chinese National HGC, Shanghai	189518	Bacteria	Spirochaetes	Spirochaetia		Leptospiraceae	Leptospira	Leptospira_interrogans	Leptospira_interrogans_serovar_Lai_str_56601	Leptospira interrogans serovar Lai str. 56601	3785	1204726	338	k__Bacteria (UID2495)	96.47	0	0	4698134	0	2	2	4338762	4338762	35.02	0.08	75.39	11	3785
G000146165	ASM14616v2	GCF_000146165.2	PRJNA57949	SAMN02604014	ftp://ftp.ncbi.nlm.nih.gov/genomes/all/GCF/000/146/165/GCF_000146165.2_ASM14616v2	strain=MR-1	Shewanella oneidensis MR-1	1	0.998	0.8	1	11/2/12	70863	TIGR	211586	Bacteria	Proteobacteria	Gammaproteobacteria	Alteromonadales	Shewanellaceae	Shewanella	Shewanella_oneidensis	Shewanella_oneidensis_MR_1	Shewanella oneidensis MR-1	4595	1482500	371	g__Shewanella (UID4838)	99.84	0.04	0	5131424	0	2	2	4969811	4969811	45.89	1.56	85	11	4595
G000159155	ASM15915v2	GCF_000159155.2	PRJNA55487	SAMN00001462	ftp://ftp.ncbi.nlm.nih.gov/genomes/all/GCF/000/159/155/GCF_000159155.2_ASM15915v2	strain=ATCC 14019	Gardnerella vaginalis ATCC 14019	1	1	1	1	11/3/10	2702	Baylor College of Medicine	525284	Bacteria	Actinobacteria	Actinobacteria	Bifidobacteriales	Bifidobacteriaceae	Gardnerella	Gardnerella_vaginalis	Gardnerella_vaginalis_ATCC_14019	Gardnerella vaginalis ATCC 14019	1299	491599	243	f__Bifidobacteriaceae (UID1458)	99.24	0	0	1667350	0	1	1	1667350	1667350	41.36	0	86.78	11	1299
G000165905	ASM16590v1	GCF_000165905.1	PRJNA59883	SAMN02603510	ftp://ftp.ncbi.nlm.nih.gov/genomes/all/GCF/000/165/905/GCF_000165905.1_ASM16590v1	strain=PRL2010	Bifidobacterium bifidum PRL2010	1	1	1	1	11/2/10	1681	Laboratory of Probiogenomics, Department of genetics, university of Parma, Italy	702459	Bacteria	Actinobacteria	Actinobacteria	Bifidobacteriales	Bifidobacteriaceae	Bifidobacterium	Bifidobacterium_bifidum	Bifidobacterium_bifidum_PRL2010	Bifidobacterium bifidum PRL2010	1830	642013	287	f__Bifidobacteriaceae (UID1462)	99.54	0	0	2214656	0	1	1	2214656	2214656	62.67	0	85.27	11	1830
G000174395	ASM17439v2	GCF_000174395.2	PRJNA55353	SAMN00002237	ftp://ftp.ncbi.nlm.nih.gov/genomes/all/GCF/000/174/395/GCF_000174395.2_ASM17439v2	strain=DO	Enterococcus faecium DO	1	0.99	1	1	5/25/12	1352	Baylor College of Medicine	333849	Bacteria	Firmicutes	Bacilli	Lactobacillales	Enterococcaceae	Enterococcus	Enterococcus_faecium	Enterococcus_faecium_DO	Enterococcus faecium DO	2957	878933	302	o__Lactobacillales (UID544)	99.25	0.44	50	3052572	0	4	4	2698137	2698137	37.87	2.1	84.67	11	2957
G000183345	ASM18334v1	GCF_000183345.1	PRJNA161987	SAMN02603727	ftp://ftp.ncbi.nlm.nih.gov/genomes/all/GCF/000/183/345/GCF_000183345.1_ASM18334v1	strain=NRG 857C	Escherichia coli O83:H1 str. NRG 857C	1	0.998	1	1	11/30/10	562	Public Health Agency of Canada Laboratory for Foodborne Zoonoses	685038	Bacteria	Proteobacteria	Gammaproteobacteria	Enterobacterales	Enterobacteriaceae	Escherichia	Escherichia_coli	Escherichia_coli_O83_H1_str_NRG_857C	Escherichia coli O83:H1 str. NRG 857C	4543	1464244	376	f__Enterobacteriaceae (UID5124)	99.97	0.14	0	4894879	0	2	2	4747819	4747819	50.69	0.17	87.99	11	4543
G000185905	ASM18590v1	GCF_000185905.1	PRJNA62101	SAMN00713576	ftp://ftp.ncbi.nlm.nih.gov/genomes/all/GCF/000/185/905/GCF_000185905.1_ASM18590v1	strain=WSM1271	Mesorhizobium ciceri biovar biserrulae WSM1271	1	0.999	0.9	1	1/7/11	39645	US DOE Joint Genome Institute	765698	Bacteria	Proteobacteria	Alphaproteobacteria	Rhizobiales	Phyllobacteriaceae	Mesorhizobium	Mesorhizobium_ciceri	Mesorhizobium_ciceri_biovar_biserrulae_WSM1271	Mesorhizobium ciceri biovar biserrulae WSM1271	6405	1984656	365	o__Rhizobiales (UID3450)	99.51	0.6	0	6690028	0	2	2	6264489	6264489	62.56	1.33	87.26	11	6405
G000191145	ASM19114v1	GCF_000191145.1	PRJNA83123	SAMN02603040	ftp://ftp.ncbi.nlm.nih.gov/genomes/all/GCF/000/191/145/GCF_000191145.1_ASM19114v1	strain=PHEA-2	Acinetobacter pittii PHEA-2	1	1	0.9	1	3/3/11	48296	Biotechnology Research Institute, Chinese Academy of Agricultural Sciences	871585	Bacteria	Proteobacteria	Gammaproteobacteria	Pseudomonadales	Moraxellaceae	Acinetobacter	Acinetobacter_pittii	Acinetobacter_pittii_PHEA_2	Acinetobacter pittii PHEA-2	3581	1154711	353	f__Moraxellaceae (UID4680)	99.77	0	0	3862530	0	1	1	3862530	3862530	38.82	0	87.98	11	3581
G000195715	ASM19571v1	GCF_000195715.1	PRJNA57617	SAMEA1705933	ftp://ftp.ncbi.nlm.nih.gov/genomes/all/GCF/000/195/715/GCF_000195715.1_ASM19571v1	strain=Tohama I	Bordetella pertussis Tohama I	1	1	0.9	1	8/12/03	520	Sanger Institute	257313	Bacteria	Proteobacteria	Betaproteobacteria	Burkholderiales	Alcaligenaceae	Bordetella	Bordetella_pertussis	Bordetella_pertussis_Tohama_I	Bordetella pertussis Tohama I	3888	1254330	360	o__Burkholderiales (UID4000)	100	0	0	4086189	0	1	1	4086189	4086189	67.72	0	90.25	11	3888
G000195735	ASM19573v1	GCF_000195735.1	PRJNA61565	SAMEA3138318	ftp://ftp.ncbi.nlm.nih.gov/genomes/all/GCF/000/195/735/GCF_000195735.1_ASM19573v1	strain=Madrid E	Rickettsia prowazekii str. Madrid E	1	1	0.9	1	5/6/03	782	Uppsala Univ.	272947	Bacteria	Proteobacteria	Alphaproteobacteria	Rickettsiales	Rickettsiaceae	Rickettsia	Rickettsia_prowazekii	Rickettsia_prowazekii_str_Madrid_E	Rickettsia prowazekii str. Madrid E	897	290736	210	g__Rickettsia (UID3815)	99.59	0.33	0	1111523	0	1	1	1111523	1111523	29	0	76.92	11	897
G000195755	ASM19575v1	GCF_000195755.1	PRJNA57645	SAMN02603973	ftp://ftp.ncbi.nlm.nih.gov/genomes/all/GCF/000/195/755/GCF_000195755.1_ASM19575v1	strain=Hildenborough	Desulfovibrio vulgaris str. Hildenborough	1	0.997	1	1	4/21/04	881	TIGR	882	Bacteria	Proteobacteria	Deltaproteobacteria	Desulfovibrionales	Desulfovibrionaceae	Desulfovibrio	Desulfovibrio_vulgaris	Desulfovibrio_vulgaris_str_Hildenborough	Desulfovibrio vulgaris str. Hildenborough	3309	1103329	353	c__Deltaproteobacteria (UID3218)	99.41	0	0	3773159	0	2	2	3570858	3570858	63.28	1.7	85.99	11	3309
G000195835	ASM19583v1	GCF_000195835.1	PRJNA57695	SAMEA1705955	ftp://ftp.ncbi.nlm.nih.gov/genomes/all/GCF/000/195/835/GCF_000195835.1_ASM19583v1	strain=AF2122/97	Mycobacterium bovis AF2122/97	1	1	0.1	1	6/13/03	1765	Sanger Institute	233413	Bacteria	Actinobacteria	Actinobacteria	Corynebacteriales	Mycobacteriaceae	Mycobacterium	Mycobacterium_bovis	Mycobacterium_bovis_AF2122_97	Mycobacterium bovis AF2122/97	4009	1335166	340	g__Mycobacterium (UID1816)	99.78	0	0	4345492	0	1	1	4345492	4345492	65.63	0	90.27	11	4009
G000195855	ASM19585v1	GCF_000195855.1	PRJNA57697	SAMEA1705921	ftp://ftp.ncbi.nlm.nih.gov/genomes/all/GCF/000/195/855/GCF_000195855.1_ASM19585v1	strain=TN	Mycobacterium leprae TN	1	1	1	1	5/6/03	1769	Sanger Institute	272631	Bacteria	Actinobacteria	Actinobacteria	Corynebacteriales	Mycobacteriaceae	Mycobacterium	Mycobacterium_leprae	Mycobacterium_leprae_TN	Mycobacterium leprae TN	3999	765711	308	g__Mycobacterium (UID1816)	80.17	0.33	100	3268203	0	1	1	3268203	3268203	57.8	0	73.78	4	3777
G000195995	ASM19599v1	GCF_000195995.1	PRJNA57793	SAMEA1705914	ftp://ftp.ncbi.nlm.nih.gov/genomes/all/GCF/000/195/995/GCF_000195995.1_ASM19599v1	strain=CT18	Salmonella enterica subsp. enterica serovar Typhi str. CT18	1	0.996	0.9	1	5/6/03	28901	Sanger Institute	220341	Bacteria	Proteobacteria	Gammaproteobacteria	Enterobacterales	Enterobacteriaceae	Salmonella	Salmonella_enterica	Salmonella_enterica_subsp_enterica_serovar_Typhi_str_CT18	Salmonella enterica subsp. enterica serovar Typhi str. CT18	5065	1514938	377	f__Enterobacteriaceae (UID5139)	100	0.26	0	5133713	0	3	3	4809037	4809037	51.87	2.58	86.73	11	5065
G000196035	ASM19603v1	GCF_000196035.1	PRJNA61583	SAMEA3138329	ftp://ftp.ncbi.nlm.nih.gov/genomes/all/GCF/000/196/035/GCF_000196035.1_ASM19603v1	strain=EGD-e	Listeria monocytogenes EGD-e	1	1	1	1	5/6/03	1639	European Consortium	169963	Bacteria	Firmicutes	Bacilli	Bacillales	Listeriaceae	Listeria	Listeria_monocytogenes	Listeria_monocytogenes_EGD_e	Listeria monocytogenes EGD-e	2875	892649	354	c__Bacilli (UID354)	99.45	0.27	0	2944528	0	1	1	2944528	2944528	37.98	0	89.19	11	2875
G000196095	ASM19609v1	GCF_000196095.1	PRJNA57969	SAMD00058707	ftp://ftp.ncbi.nlm.nih.gov/genomes/all/GCF/000/196/095/GCF_000196095.1_ASM19609v1		Vibrio parahaemolyticus RIMD 2210633	1	0.998	0.8	1	5/11/04	670	Osaka Univ.	223926	Bacteria	Proteobacteria	Gammaproteobacteria	Vibrionales	Vibrionaceae	Vibrio	Vibrio_parahaemolyticus	Vibrio_parahaemolyticus_RIMD_2210633	Vibrio parahaemolyticus RIMD 2210633	4583	1513074	366	f__Vibrionaceae (UID4865)	100	0	0	5165770	0	2	2	3288558	3288558	45.37	0.02	86.2	11	4583
G000196115	ASM19611v1	GCF_000196115.1	PRJNA61589	SAMEA3138332	ftp://ftp.ncbi.nlm.nih.gov/genomes/all/GCF/000/196/115/GCF_000196115.1_ASM19611v1	strain=1	Rhodopirellula baltica SH 1	1	1	0.9	1	7/7/03	265606	Max-Plank-Institute	243090	Bacteria	Planctomycetes	Planctomycetia	Planctomycetales	Planctomycetaceae	Rhodopirellula	Rhodopirellula_baltica	Rhodopirellula_baltica_SH_1	Rhodopirellula baltica SH 1	5479	2155014	340	k__Bacteria (UID2565)	99.93	0	0	7145576	0	1	1	7145576	7145576	55.4	0	88.69	11	5479
G000196835	ASM19683v1	GCF_000196835.1	PRJNA50565	SAMN02603409	ftp://ftp.ncbi.nlm.nih.gov/genomes/all/GCF/000/196/835/GCF_000196835.1_ASM19683v1	strain=U32	Amycolatopsis mediterranei U32	1	1	0.9	1	6/29/10	33910	Institute of Plant Physiology and Ecology, Shanghai Institutes for Biological Sciences, Chinese Academy of Sciences	749927	Bacteria	Actinobacteria	Actinobacteria	Pseudonocardiales	Pseudonocardiaceae	Amycolatopsis	Amycolatopsis_mediterranei	Amycolatopsis_mediterranei_U32	Amycolatopsis mediterranei U32	9513	3148626	358	o__Actinomycetales (UID2014)	100	0	0	10236715	0	1	1	10236715	10236715	71.29	0	90.43	11	9513
G000203835	ASM20383v1	GCF_000203835.1	PRJNA57801	SAMEA1705940	ftp://ftp.ncbi.nlm.nih.gov/genomes/all/GCF/000/203/835/GCF_000203835.1_ASM20383v1		Streptomyces coelicolor A3(2)	1	0.998	1	1	5/6/03	1902	Sanger Institute	100226	Bacteria	Actinobacteria	Actinobacteria	Streptomycetales	Streptomycetaceae	Streptomyces	Streptomyces_coelicolor	Streptomyces_coelicolor_A3_2	Streptomyces coelicolor A3(2)	8159	2710884	359	f__Streptomycetaceae (UID2048)	100	0	0	9054847	0	3	3	8667507	8667507	72	1.7	88.04	11	8159
G000203855	ASM20385v3	GCF_000203855.3	PRJNA62911	SAMEA3138345	ftp://ftp.ncbi.nlm.nih.gov/genomes/all/GCF/000/203/855/GCF_000203855.3_ASM20385v3	strain=WCFS1	Lactobacillus plantarum WCFS1	1	0.991	1	1	8/1/11	1590	Wageningen Centre for Food Sciences	220668	Bacteria	Firmicutes	Bacilli	Lactobacillales	Lactobacillaceae	Lactobacillus	Lactobacillus_plantarum	Lactobacillus_plantarum_WCFS1	Lactobacillus plantarum WCFS1 NCIMB8826	3131	958311	326	o__Lactobacillales (UID462)	99.38	2.24	0	3348624	0	4	4	3308273	3308273	44.42	5.89	84.19	11	3131
G000215745	ASM21574v1	GCF_000215745.1	PRJNA68103	SAMN02603581	ftp://ftp.ncbi.nlm.nih.gov/genomes/all/GCF/000/215/745/GCF_000215745.1_ASM21574v1	strain=KCTC 2190	Enterobacter aerogenes KCTC 2190	1	1	1	1	6/3/11	548	Macrogen Inc.	1028307	Bacteria	Proteobacteria	Gammaproteobacteria	Enterobacterales	Enterobacteriaceae	Klebsiella	Enterobacter_aerogenes	Enterobacter_aerogenes_KCTC_2190	Enterobacter aerogenes KCTC 2190	4876	1578741	380	f__Enterobacteriaceae (UID5121)	100	0.39	0	5280350	1	1	1	5280350	5280349	54.85	0	87.94	11	4876
G000223375	ASM22337v1	GCF_000223375.1	PRJNA161161	SAMN02603460	ftp://ftp.ncbi.nlm.nih.gov/genomes/all/GCF/000/223/375/GCF_000223375.1_ASM22337v1	strain=WSH-001	Ketogulonicigenium vulgare WSH-001	0.99	0.994	0.9	0.9	8/12/11	92945	Jiangnan University	759362	Bacteria	Proteobacteria	Alphaproteobacteria	Rhodobacterales	Rhodobacteraceae	Ketogulonicigenium	Ketogulonicigenium_vulgare	Ketogulonicigenium_vulgare_WSH_001	Ketogulonicigenium vulgare WSH-001	3164	1022907	350	f__Rhodobacteraceae (UID3356)	95.42	0.91	0	3277101	1	3	3	2766400	2766399	61.73	0.55	91.77	11	3164
G000240185	ASM24018v2	GCF_000240185.1	PRJNA84387	SAMN02602959	ftp://ftp.ncbi.nlm.nih.gov/genomes/all/GCF/000/240/185/GCF_000240185.1_ASM24018v2	strain=HS11286	Klebsiella pneumoniae subsp. pneumoniae HS11286	1	0.99	0.9	0.8	12/27/11	573	 Bioinformatics & Microbial Genomics, State Key Laboratory of Microbial Metabolism, Shanghai Jiaotong University	1125630	Bacteria	Proteobacteria	Gammaproteobacteria	Enterobacterales	Enterobacteriaceae	Klebsiella	Klebsiella_pneumoniae	Klebsiella_pneumoniae_subsp_pneumoniae_HS11286	Klebsiella pneumoniae subsp. pneumoniae HS11286	5455	1691701	377	g__Klebsiella (UID5140)	99.65	0.19	0	5682322	1	7	7	5333942	5333941	57.12	7.64	87.54	11	5455
G000299455	ASM29945v1	GCF_000299455.1	PRJNA176127	SAMN01831188	ftp://ftp.ncbi.nlm.nih.gov/genomes/all/GCF/000/299/455/GCF_000299455.1_ASM29945v1	strain=2011C-3493	Escherichia coli O104:H4 str. 2011C-3493	1	0.995	1	1	9/27/12	562	Los Alamos National Laboratory	1133852	Bacteria	Proteobacteria	Gammaproteobacteria	Enterobacterales	Enterobacteriaceae	Escherichia	Escherichia_coli	Escherichia_coli_O104_H4_str_2011C_3493	Escherichia coli O104:H4 str. 2011C-3493	5169	1613270	375	f__Enterobacteriaceae (UID5162)	99.62	0.14	0	5437407	0	4	4	5273097	5273097	50.65	1.84	87.26	11	5169
G000317935	ASM31793v1	GCF_000317935.1	PRJEA177516	SAMEA2272448	ftp://ftp.ncbi.nlm.nih.gov/genomes/all/GCF/000/317/935/GCF_000317935.1_ASM31793v1	strain=Bpp5	Bordetella parapertussis Bpp5	1	0.998	0.9	1	10/8/12	519	WTSI	1208660	Bacteria	Proteobacteria	Betaproteobacteria	Burkholderiales	Alcaligenaceae	Bordetella	Bordetella_parapertussis	Bordetella_parapertussis_Bpp5	Bordetella parapertussis Bpp5	4706	1505212	363	o__Burkholderiales (UID4000)	100	0	0	4899574	0	2	2	4887379	4887379	67.81	5.71	90.33	11	4706
G000318015	ASM31801v1	GCF_000318015.1	PRJNA178913	SAMEA2272388	ftp://ftp.ncbi.nlm.nih.gov/genomes/all/GCF/000/318/015/GCF_000318015.1_ASM31801v1	strain=253	Bordetella bronchiseptica 253	1	1	0.9	1	10/11/12	518	WTSI	568707	Bacteria	Proteobacteria	Betaproteobacteria	Burkholderiales	Alcaligenaceae	Bordetella	Bordetella_bronchiseptica	Bordetella_bronchiseptica_253	Bordetella bronchiseptica 253	4927	1632727	365	o__Burkholderiales (UID4000)	99.53	0	0	5264383	2	1	1	5264383	5264381	68.12	0	91.25	11	4927